"STATION","NAME","DATE","AWND","PGTM","TAVG","TMAX","TMIN","WDF2","WDF5","WSF2","WSF5"
"USW00094846","CHICAGO OHARE INTERNATIONAL AIRPORT, IL US","2018-01-01","10.74",,"-2","1","-9","  310","  310","17.0","23.0"
"USW00094846","CHICAGO OHARE INTERNATIONAL AIRPORT, IL US","2018-01-02","11.18",,"-2","8","-9","  220","  230","21.9","30.0"
"USW00094846","CHICAGO OHARE INTERNATIONAL AIRPORT, IL US","2018-01-03","12.30",,"11","17","6","  330","  220","21.0","27.1"
"USW00094846","CHICAGO OHARE INTERNATIONAL AIRPORT, IL US","2018-01-04","12.30",,"7","12","0","  330","  330","19.9","23.9"
"USW00094846","CHICAGO OHARE INTERNATIONAL AIRPORT, IL US","2018-01-05","10.74",,"5","11","-1","  320","  330","19.9","23.0"
"USW00094846","CHICAGO OHARE INTERNATIONAL AIRPORT, IL US","2018-01-06","6.49",,"5","17","-2","  200","  170","14.1","17.0"
"USW00094846","CHICAGO OHARE INTERNATIONAL AIRPORT, IL US","2018-01-07","14.99",,"17","33","8","  210","  210","23.9","32.0"
"USW00094846","CHICAGO OHARE INTERNATIONAL AIRPORT, IL US","2018-01-08","11.86",,"34","37","31","  250","  250","18.1","23.9"
"USW00094846","CHICAGO OHARE INTERNATIONAL AIRPORT, IL US","2018-01-09","6.04",,"31","36","26","  160","  170","14.1","18.1"
"USW00094846","CHICAGO OHARE INTERNATIONAL AIRPORT, IL US","2018-01-10","15.88",,"37","56","30","  210","  210","31.1","42.1"
"USW00094846","CHICAGO OHARE INTERNATIONAL AIRPORT, IL US","2018-01-11","16.33",,"56","59","23","  220","  190","28.0","36.0"
"USW00094846","CHICAGO OHARE INTERNATIONAL AIRPORT, IL US","2018-01-12","19.91",,"23","23","14","  360","   10","29.1","36.9"
"USW00094846","CHICAGO OHARE INTERNATIONAL AIRPORT, IL US","2018-01-13","9.84",,"13","16","6","  340","  340","23.0","27.1"
"USW00094846","CHICAGO OHARE INTERNATIONAL AIRPORT, IL US","2018-01-14","9.40",,"12","21","5","  160","  170","21.9","29.1"
"USW00094846","CHICAGO OHARE INTERNATIONAL AIRPORT, IL US","2018-01-15","10.96",,"19","24","10","  170","  170","17.0","21.9"
"USW00094846","CHICAGO OHARE INTERNATIONAL AIRPORT, IL US","2018-01-16","11.86",,"15","26","9","  330","  320","18.1","21.9"
"USW00094846","CHICAGO OHARE INTERNATIONAL AIRPORT, IL US","2018-01-17","12.30",,"13","20","4","  240","  240","25.1","32.0"
"USW00094846","CHICAGO OHARE INTERNATIONAL AIRPORT, IL US","2018-01-18","14.99",,"21","32","16","  220","  240","21.9","28.0"
"USW00094846","CHICAGO OHARE INTERNATIONAL AIRPORT, IL US","2018-01-19","16.78",,"32","40","28","  210","  230","25.9","34.0"
"USW00094846","CHICAGO OHARE INTERNATIONAL AIRPORT, IL US","2018-01-20","8.28",,"39","45","32","  220","  220","15.0","21.9"
"USW00094846","CHICAGO OHARE INTERNATIONAL AIRPORT, IL US","2018-01-21","3.80",,"40","44","36","  120","  180","8.1","11.0"
"USW00094846","CHICAGO OHARE INTERNATIONAL AIRPORT, IL US","2018-01-22","12.53",,"47","54","38","  250","  250","23.9","35.1"
"USW00094846","CHICAGO OHARE INTERNATIONAL AIRPORT, IL US","2018-01-23","12.75",,"35","39","28","  320","  320","21.0","28.0"
"USW00094846","CHICAGO OHARE INTERNATIONAL AIRPORT, IL US","2018-01-24","6.49",,"29","30","27","  340","  260","13.0","16.1"
"USW00094846","CHICAGO OHARE INTERNATIONAL AIRPORT, IL US","2018-01-25","9.62",,"31","43","24","  170","  170","19.9","21.9"
"USW00094846","CHICAGO OHARE INTERNATIONAL AIRPORT, IL US","2018-01-26","18.57",,"41","51","33","  200","  180","32.0","40.9"
"USW00094846","CHICAGO OHARE INTERNATIONAL AIRPORT, IL US","2018-01-27","12.30",,"47","50","36","  210","  210","31.1","42.1"
"USW00094846","CHICAGO OHARE INTERNATIONAL AIRPORT, IL US","2018-01-28","8.72",,"35","40","28","   20","   20","18.1","23.0"
"USW00094846","CHICAGO OHARE INTERNATIONAL AIRPORT, IL US","2018-01-29","12.08",,"27","30","17","  350","  350","21.0","25.9"
"USW00094846","CHICAGO OHARE INTERNATIONAL AIRPORT, IL US","2018-01-30","10.51",,"21","31","15","  170","  170","25.9","34.0"
"USW00094846","CHICAGO OHARE INTERNATIONAL AIRPORT, IL US","2018-01-31","13.87",,"35","42","31","  190","  180","25.1","34.0"
"USW00094846","CHICAGO OHARE INTERNATIONAL AIRPORT, IL US","2018-02-01","15.43",,"28","35","8","  310","  320","25.9","34.0"
"USW00094846","CHICAGO OHARE INTERNATIONAL AIRPORT, IL US","2018-02-02","10.29",,"11","22","5","  220","  220","17.0","21.9"
"USW00094846","CHICAGO OHARE INTERNATIONAL AIRPORT, IL US","2018-02-03","13.20",,"26","41","22","  220","  230","28.0","36.9"
"USW00094846","CHICAGO OHARE INTERNATIONAL AIRPORT, IL US","2018-02-04","13.42",,"26","35","4","  340","  350","23.9","31.1"
"USW00094846","CHICAGO OHARE INTERNATIONAL AIRPORT, IL US","2018-02-05","6.93",,"6","12","-3","  220","  250","14.1","18.1"
"USW00094846","CHICAGO OHARE INTERNATIONAL AIRPORT, IL US","2018-02-06","5.37",,"12","21","3","  340","  290","12.1","15.0"
"USW00094846","CHICAGO OHARE INTERNATIONAL AIRPORT, IL US","2018-02-07","9.40",,"17","20","8","  290","  290","17.0","21.9"
"USW00094846","CHICAGO OHARE INTERNATIONAL AIRPORT, IL US","2018-02-08","6.93",,"13","21","7","  240","  250","13.0","16.1"
"USW00094846","CHICAGO OHARE INTERNATIONAL AIRPORT, IL US","2018-02-09","10.74",,"24","28","18","   20","   30","21.0","25.1"
"USW00094846","CHICAGO OHARE INTERNATIONAL AIRPORT, IL US","2018-02-10","9.62",,"19","22","14","  350","  350","17.0","21.9"
"USW00094846","CHICAGO OHARE INTERNATIONAL AIRPORT, IL US","2018-02-11","10.07",,"20","22","11","  340","  340","16.1","19.9"
"USW00094846","CHICAGO OHARE INTERNATIONAL AIRPORT, IL US","2018-02-12","6.26",,"15","27","4","  340","  340","13.0","15.0"
"USW00094846","CHICAGO OHARE INTERNATIONAL AIRPORT, IL US","2018-02-13","6.26",,"20","35","7","  180","  190","14.1","16.1"
"USW00094846","CHICAGO OHARE INTERNATIONAL AIRPORT, IL US","2018-02-14","9.62",,"32","44","24","  220","  220","16.1","21.0"
"USW00094846","CHICAGO OHARE INTERNATIONAL AIRPORT, IL US","2018-02-15","6.26",,"41","48","38","   40","  350","15.0","19.0"
"USW00094846","CHICAGO OHARE INTERNATIONAL AIRPORT, IL US","2018-02-16","10.07",,"36","37","20","  340","  340","19.9","27.1"
"USW00094846","CHICAGO OHARE INTERNATIONAL AIRPORT, IL US","2018-02-17","8.50",,"25","35","17","  270","  280","17.0","23.0"
"USW00094846","CHICAGO OHARE INTERNATIONAL AIRPORT, IL US","2018-02-18","10.74",,"27","41","12","  150","  180","21.0","25.9"
"USW00094846","CHICAGO OHARE INTERNATIONAL AIRPORT, IL US","2018-02-19","12.08",,"42","60","37","  200","  210","23.9","33.1"
"USW00094846","CHICAGO OHARE INTERNATIONAL AIRPORT, IL US","2018-02-20","13.20",,"59","66","34","  190","  200","25.1","33.1"
"USW00094846","CHICAGO OHARE INTERNATIONAL AIRPORT, IL US","2018-02-21","10.96",,"32","34","27","  330","  320","18.1","21.9"
"USW00094846","CHICAGO OHARE INTERNATIONAL AIRPORT, IL US","2018-02-22","13.20",,"33","40","29","  120","  110","21.9","25.9"
"USW00094846","CHICAGO OHARE INTERNATIONAL AIRPORT, IL US","2018-02-23","9.40",,"40","44","33","  270","  260","19.9","27.1"
"USW00094846","CHICAGO OHARE INTERNATIONAL AIRPORT, IL US","2018-02-24","13.20",,"36","50","33","  120","  110","25.1","33.1"
"USW00094846","CHICAGO OHARE INTERNATIONAL AIRPORT, IL US","2018-02-25","17.90",,"40","50","34","  260","  270","32.0","46.1"
"USW00094846","CHICAGO OHARE INTERNATIONAL AIRPORT, IL US","2018-02-26","8.72",,"40","53","28","  230","  220","21.0","29.1"
"USW00094846","CHICAGO OHARE INTERNATIONAL AIRPORT, IL US","2018-02-27","13.87",,"48","62","39","  200","  190","23.0","30.0"
"USW00094846","CHICAGO OHARE INTERNATIONAL AIRPORT, IL US","2018-02-28","11.18",,"51","59","37","   20","   40","19.9","25.1"
"USW00094846","CHICAGO OHARE INTERNATIONAL AIRPORT, IL US","2018-03-01","14.54",,"39","46","34","   10","   10","25.1","33.1"
"USW00094846","CHICAGO OHARE INTERNATIONAL AIRPORT, IL US","2018-03-02","6.26",,"38","48","30","  100","  100","13.0","15.0"
"USW00094846","CHICAGO OHARE INTERNATIONAL AIRPORT, IL US","2018-03-03","7.83",,"38","43","33","   70","  100","15.0","18.1"
"USW00094846","CHICAGO OHARE INTERNATIONAL AIRPORT, IL US","2018-03-04","12.30",,"38","46","32","  120","  120","21.9","28.0"
"USW00094846","CHICAGO OHARE INTERNATIONAL AIRPORT, IL US","2018-03-05","17.45",,"37","40","33","  110","  120","28.0","36.9"
"USW00094846","CHICAGO OHARE INTERNATIONAL AIRPORT, IL US","2018-03-06","8.72",,"35","41","31","  330","  320","23.0","28.0"
"USW00094846","CHICAGO OHARE INTERNATIONAL AIRPORT, IL US","2018-03-07","13.65",,"31","34","25","  320","  330","21.9","28.0"
"USW00094846","CHICAGO OHARE INTERNATIONAL AIRPORT, IL US","2018-03-08","11.18",,"28","34","24","  330","  310","21.0","23.9"
"USW00094846","CHICAGO OHARE INTERNATIONAL AIRPORT, IL US","2018-03-09","6.49",,"30","41","23","  320","  320","14.1","21.0"
"USW00094846","CHICAGO OHARE INTERNATIONAL AIRPORT, IL US","2018-03-10","5.59",,"33","41","23","   90","  100","13.0","17.0"
"USW00094846","CHICAGO OHARE INTERNATIONAL AIRPORT, IL US","2018-03-11","8.28",,"34","40","28","   50","   70","18.1","21.9"
"USW00094846","CHICAGO OHARE INTERNATIONAL AIRPORT, IL US","2018-03-12","11.41",,"37","46","30","  340","  340","23.9","31.1"
"USW00094846","CHICAGO OHARE INTERNATIONAL AIRPORT, IL US","2018-03-13","10.74",,"32","35","19","  360","  360","19.9","23.9"
"USW00094846","CHICAGO OHARE INTERNATIONAL AIRPORT, IL US","2018-03-14","10.96",,"30","48","22","  250","  250","25.9","32.0"
"USW00094846","CHICAGO OHARE INTERNATIONAL AIRPORT, IL US","2018-03-15","9.17",,"40","50","28","   30","  320","16.1","27.1"
"USW00094846","CHICAGO OHARE INTERNATIONAL AIRPORT, IL US","2018-03-16","10.96",,"32","38","29","   30","   30","18.1","21.9"
"USW00094846","CHICAGO OHARE INTERNATIONAL AIRPORT, IL US","2018-03-17","10.07",,"37","46","30","   40","   50","19.9","23.9"
"USW00094846","CHICAGO OHARE INTERNATIONAL AIRPORT, IL US","2018-03-18","4.70",,"40","57","27","   40","  210","10.1","14.1"
"USW00094846","CHICAGO OHARE INTERNATIONAL AIRPORT, IL US","2018-03-19","15.21",,"41","46","33","   30","   30","28.0","35.1"
"USW00094846","CHICAGO OHARE INTERNATIONAL AIRPORT, IL US","2018-03-20","17.00",,"33","37","29","   10","   20","25.9","32.0"
"USW00094846","CHICAGO OHARE INTERNATIONAL AIRPORT, IL US","2018-03-21","10.51",,"33","40","25","  360","   30","21.0","25.1"
"USW00094846","CHICAGO OHARE INTERNATIONAL AIRPORT, IL US","2018-03-22","6.93",,"34","50","22","  110","  110","15.0","18.1"
"USW00094846","CHICAGO OHARE INTERNATIONAL AIRPORT, IL US","2018-03-23","9.17",,"36","43","25","   50","   40","17.0","21.0"
"USW00094846","CHICAGO OHARE INTERNATIONAL AIRPORT, IL US","2018-03-24","17.45",,"36","40","32","   90","   90","28.0","38.0"
"USW00094846","CHICAGO OHARE INTERNATIONAL AIRPORT, IL US","2018-03-25","14.09",,"34","41","27","  100","  100","21.0","25.9"
"USW00094846","CHICAGO OHARE INTERNATIONAL AIRPORT, IL US","2018-03-26","9.62",,"39","53","31","  150","  140","21.9","27.1"
"USW00094846","CHICAGO OHARE INTERNATIONAL AIRPORT, IL US","2018-03-27","9.40",,"49","51","39","  300","  210","16.1","21.9"
"USW00094846","CHICAGO OHARE INTERNATIONAL AIRPORT, IL US","2018-03-28","4.47",,"45","54","39","   60","   60","13.0","15.0"
"USW00094846","CHICAGO OHARE INTERNATIONAL AIRPORT, IL US","2018-03-29","8.95",,"45","50","35","   30","   20","21.9","27.1"
"USW00094846","CHICAGO OHARE INTERNATIONAL AIRPORT, IL US","2018-03-30","7.83",,"39","49","33","  240","  240","16.1","19.0"
"USW00094846","CHICAGO OHARE INTERNATIONAL AIRPORT, IL US","2018-03-31","15.88",,"44","58","32","  210","  210","30.0","40.0"
"USW00094846","CHICAGO OHARE INTERNATIONAL AIRPORT, IL US","2018-04-01","7.83",,"32","35","24","  340","  340","17.0","19.9"
"USW00094846","CHICAGO OHARE INTERNATIONAL AIRPORT, IL US","2018-04-02","6.93",,"32","44","21","  100","  100","16.1","19.9"
"USW00094846","CHICAGO OHARE INTERNATIONAL AIRPORT, IL US","2018-04-03","12.08",,"39","40","34","   20","   10","21.0","25.1"
"USW00094846","CHICAGO OHARE INTERNATIONAL AIRPORT, IL US","2018-04-04","15.21",,"32","35","26","  300","  300","28.0","35.1"
"USW00094846","CHICAGO OHARE INTERNATIONAL AIRPORT, IL US","2018-04-05","7.38",,"32","42","23","  210","  190","17.0","21.0"
"USW00094846","CHICAGO OHARE INTERNATIONAL AIRPORT, IL US","2018-04-06","14.32",,"35","38","25","  290","  310","28.0","34.0"
"USW00094846","CHICAGO OHARE INTERNATIONAL AIRPORT, IL US","2018-04-07","8.95",,"28","39","20","  320","  300","18.1","25.1"
"USW00094846","CHICAGO OHARE INTERNATIONAL AIRPORT, IL US","2018-04-08","6.93",,"31","39","21","   70","  100","15.0","17.0"
"USW00094846","CHICAGO OHARE INTERNATIONAL AIRPORT, IL US","2018-04-09","6.04",,"33","39","30","   50","   30","12.1","14.1"
"USW00094846","CHICAGO OHARE INTERNATIONAL AIRPORT, IL US","2018-04-10","8.50",,"36","46","28","  250","  230","15.0","21.0"
"USW00094846","CHICAGO OHARE INTERNATIONAL AIRPORT, IL US","2018-04-11","9.84",,"48","66","39","  240","  240","18.1","23.9"
"USW00094846","CHICAGO OHARE INTERNATIONAL AIRPORT, IL US","2018-04-12","14.09",,"56","73","42","  250","  230","25.1","35.1"
"USW00094846","CHICAGO OHARE INTERNATIONAL AIRPORT, IL US","2018-04-13","13.20",,"43","47","39","   40","   40","33.1","40.9"
"USW00094846","CHICAGO OHARE INTERNATIONAL AIRPORT, IL US","2018-04-14","21.03",,"39","39","36","   60","   30","31.1","40.9"
"USW00094846","CHICAGO OHARE INTERNATIONAL AIRPORT, IL US","2018-04-15","13.65",,"35","37","28","   60","   40","23.9","30.0"
"USW00094846","CHICAGO OHARE INTERNATIONAL AIRPORT, IL US","2018-04-16","14.99",,"31","35","27","  300","  300","23.9","31.1"
"USW00094846","CHICAGO OHARE INTERNATIONAL AIRPORT, IL US","2018-04-17","11.18",,"35","43","29","  320","  300","21.9","25.9"
"USW00094846","CHICAGO OHARE INTERNATIONAL AIRPORT, IL US","2018-04-18","11.63",,"35","37","30","   80","   80","25.1","32.0"
"USW00094846","CHICAGO OHARE INTERNATIONAL AIRPORT, IL US","2018-04-19","9.84",,"39","55","31","  330","   20","15.0","21.9"
"USW00094846","CHICAGO OHARE INTERNATIONAL AIRPORT, IL US","2018-04-20","4.92",,"47","61","31","   90","  100","15.0","19.0"
"USW00094846","CHICAGO OHARE INTERNATIONAL AIRPORT, IL US","2018-04-21","3.80",,"47","55","39","  100","  100","14.1","16.1"
"USW00094846","CHICAGO OHARE INTERNATIONAL AIRPORT, IL US","2018-04-22","10.51",,"50","62","42","   60","   90","18.1","23.9"
"USW00094846","CHICAGO OHARE INTERNATIONAL AIRPORT, IL US","2018-04-23","11.86",,"51","63","43","   20","   10","19.9","23.9"
"USW00094846","CHICAGO OHARE INTERNATIONAL AIRPORT, IL US","2018-04-24","8.50",,"55","65","48","  360","  360","19.9","25.1"
"USW00094846","CHICAGO OHARE INTERNATIONAL AIRPORT, IL US","2018-04-25","13.87",,"49","53","38","   10","   20","30.0","36.0"
"USW00094846","CHICAGO OHARE INTERNATIONAL AIRPORT, IL US","2018-04-26","3.80",,"48","66","36","  260","  260","14.1","18.1"
"USW00094846","CHICAGO OHARE INTERNATIONAL AIRPORT, IL US","2018-04-27","13.87",,"53","58","39","  350","  350","29.1","34.0"
"USW00094846","CHICAGO OHARE INTERNATIONAL AIRPORT, IL US","2018-04-28","12.30",,"42","50","33","   30","   30","21.9","25.9"
"USW00094846","CHICAGO OHARE INTERNATIONAL AIRPORT, IL US","2018-04-29","6.71",,"43","59","31","   90","   90","14.1","16.1"
"USW00094846","CHICAGO OHARE INTERNATIONAL AIRPORT, IL US","2018-04-30","12.53",,"56","80","40","  200","  190","21.0","28.0"
"USW00094846","CHICAGO OHARE INTERNATIONAL AIRPORT, IL US","2018-05-01","15.43",,"72","86","60","  190","  190","29.1","36.0"
"USW00094846","CHICAGO OHARE INTERNATIONAL AIRPORT, IL US","2018-05-02","12.30",,"77","86","63","  300","  300","36.0","47.0"
"USW00094846","CHICAGO OHARE INTERNATIONAL AIRPORT, IL US","2018-05-03","7.16",,"64","70","54","  200","  200","23.9","36.9"
"USW00094846","CHICAGO OHARE INTERNATIONAL AIRPORT, IL US","2018-05-04","14.32",,"65","74","61","  270","  260","33.1","47.0"
"USW00094846","CHICAGO OHARE INTERNATIONAL AIRPORT, IL US","2018-05-05","8.50",,"70","82","57","   20","  290","21.9","25.1"
"USW00094846","CHICAGO OHARE INTERNATIONAL AIRPORT, IL US","2018-05-06","9.84",,"62","68","50","   20","   40","21.9","25.9"
"USW00094846","CHICAGO OHARE INTERNATIONAL AIRPORT, IL US","2018-05-07","5.59",,"59","75","46","  110","  120","15.0","19.0"
"USW00094846","CHICAGO OHARE INTERNATIONAL AIRPORT, IL US","2018-05-08","6.93",,"69","81","57","  120",,"14.1",
"USW00094846","CHICAGO OHARE INTERNATIONAL AIRPORT, IL US","2018-05-09","13.42",,"70","81","57","  200","  200","25.9","34.0"
"USW00094846","CHICAGO OHARE INTERNATIONAL AIRPORT, IL US","2018-05-10","9.17",,"66","73","50","   30","   40","18.1","21.9"
"USW00094846","CHICAGO OHARE INTERNATIONAL AIRPORT, IL US","2018-05-11","14.99",,"52","52","45","   60","   50","23.0","28.0"
"USW00094846","CHICAGO OHARE INTERNATIONAL AIRPORT, IL US","2018-05-12","12.53",,"46","50","44","   30","   30","21.9","25.1"
"USW00094846","CHICAGO OHARE INTERNATIONAL AIRPORT, IL US","2018-05-13","6.26",,"52","67","45","   40","   40","18.1","21.0"
"USW00094846","CHICAGO OHARE INTERNATIONAL AIRPORT, IL US","2018-05-14","8.28",,"62","83","53","  300","  290","23.9","38.0"
"USW00094846","CHICAGO OHARE INTERNATIONAL AIRPORT, IL US","2018-05-15","10.96",,"64","71","51","   10","   30","21.9","28.0"
"USW00094846","CHICAGO OHARE INTERNATIONAL AIRPORT, IL US","2018-05-16","5.37",,"62","79","47","   60","   70","15.0","18.1"
"USW00094846","CHICAGO OHARE INTERNATIONAL AIRPORT, IL US","2018-05-17","9.17",,"63","69","52","   30","   20","19.9","23.0"
"USW00094846","CHICAGO OHARE INTERNATIONAL AIRPORT, IL US","2018-05-18","10.96",,"57","65","52","   30","   10","17.0","23.0"
"USW00094846","CHICAGO OHARE INTERNATIONAL AIRPORT, IL US","2018-05-19","5.37",,"60","69","54","   30","   40","23.0","25.9"
"USW00094846","CHICAGO OHARE INTERNATIONAL AIRPORT, IL US","2018-05-20","13.65",,"51","55","44","   30","   30","23.9","28.0"
"USW00094846","CHICAGO OHARE INTERNATIONAL AIRPORT, IL US","2018-05-21","6.26",,"53","64","49","  220","  220","18.1","23.0"
"USW00094846","CHICAGO OHARE INTERNATIONAL AIRPORT, IL US","2018-05-22","4.70",,"59","67","54","   50","   50","14.1","15.0"
"USW00094846","CHICAGO OHARE INTERNATIONAL AIRPORT, IL US","2018-05-23","4.03",,"64","80","52","   90","  100","13.0","16.1"
"USW00094846","CHICAGO OHARE INTERNATIONAL AIRPORT, IL US","2018-05-24","5.14",,"71","87","58","  220","  180","13.0","21.0"
"USW00094846","CHICAGO OHARE INTERNATIONAL AIRPORT, IL US","2018-05-25","8.95",,"78","89","67","  220","  220","17.0","23.9"
"USW00094846","CHICAGO OHARE INTERNATIONAL AIRPORT, IL US","2018-05-26","6.93",,"79","90","70","  270","  250","13.0","17.0"
"USW00094846","CHICAGO OHARE INTERNATIONAL AIRPORT, IL US","2018-05-27","4.70",,"83","97","70","   80","   60","14.1","17.0"
"USW00094846","CHICAGO OHARE INTERNATIONAL AIRPORT, IL US","2018-05-28","7.16",,"83","95","70","   20","   30","31.1","38.9"
"USW00094846","CHICAGO OHARE INTERNATIONAL AIRPORT, IL US","2018-05-29","6.71",,"77","87","66","   80","   70","19.9","30.0"
"USW00094846","CHICAGO OHARE INTERNATIONAL AIRPORT, IL US","2018-05-30","8.05",,"75","86","67","  110","  270","21.0","23.9"
"USW00094846","CHICAGO OHARE INTERNATIONAL AIRPORT, IL US","2018-05-31","9.62",,"77","89","69","  260","  240","18.1","23.9"
"USW00094846","CHICAGO OHARE INTERNATIONAL AIRPORT, IL US","2018-06-01","13.42",,"71","76","53","   30","   30","23.9","29.1"
"USW00094846","CHICAGO OHARE INTERNATIONAL AIRPORT, IL US","2018-06-02","8.72",,"60","70","52","   40","   40","15.0","18.1"
"USW00094846","CHICAGO OHARE INTERNATIONAL AIRPORT, IL US","2018-06-03","14.32",,"67","78","60","  280","  310","25.9","38.0"
"USW00094846","CHICAGO OHARE INTERNATIONAL AIRPORT, IL US","2018-06-04","10.07",,"67","80","55","  290","  320","21.0","25.1"
"USW00094846","CHICAGO OHARE INTERNATIONAL AIRPORT, IL US","2018-06-05","13.20",,"67","72","54","   30","   30","23.0","28.0"
"USW00094846","CHICAGO OHARE INTERNATIONAL AIRPORT, IL US","2018-06-06","5.82",,"61","79","48","  290","  280","16.1","19.0"
"USW00094846","CHICAGO OHARE INTERNATIONAL AIRPORT, IL US","2018-06-07","8.72",,"71","81","60","   30","   40","17.0","21.0"
"USW00094846","CHICAGO OHARE INTERNATIONAL AIRPORT, IL US","2018-06-08","8.28",,"64","73","59","   20","   30","15.0","17.0"
"USW00094846","CHICAGO OHARE INTERNATIONAL AIRPORT, IL US","2018-06-09","5.82",,"66","82","57","   60","   60","21.0","23.9"
"USW00094846","CHICAGO OHARE INTERNATIONAL AIRPORT, IL US","2018-06-10","7.83",,"65","71","60","  250","  230","19.9","25.9"
"USW00094846","CHICAGO OHARE INTERNATIONAL AIRPORT, IL US","2018-06-11","9.62",,"64","70","61","  100","   70","16.1","19.9"
"USW00094846","CHICAGO OHARE INTERNATIONAL AIRPORT, IL US","2018-06-12","3.80",,"69","80","62","  220","  230","12.1","13.0"
"USW00094846","CHICAGO OHARE INTERNATIONAL AIRPORT, IL US","2018-06-13","8.72",,"75","81","64","  320","  320","19.9","25.1"
"USW00094846","CHICAGO OHARE INTERNATIONAL AIRPORT, IL US","2018-06-14","4.47",,"73","81","64","   80","   80","14.1","16.1"
"USW00094846","CHICAGO OHARE INTERNATIONAL AIRPORT, IL US","2018-06-15","6.71",,"74","89","64","  160","  150","16.1","21.9"
"USW00094846","CHICAGO OHARE INTERNATIONAL AIRPORT, IL US","2018-06-16","9.62",,"81","92","69","   30","   20","31.1","45.0"
"USW00094846","CHICAGO OHARE INTERNATIONAL AIRPORT, IL US","2018-06-17","10.74",,"86","93","78","  210","  200","21.9","27.1"
"USW00094846","CHICAGO OHARE INTERNATIONAL AIRPORT, IL US","2018-06-18","12.75",,"87","95","66","  360","  240","28.0","33.1"
"USW00094846","CHICAGO OHARE INTERNATIONAL AIRPORT, IL US","2018-06-19","8.50",,"71","81","63","  340","   10","18.1","21.0"
"USW00094846","CHICAGO OHARE INTERNATIONAL AIRPORT, IL US","2018-06-20","8.05",,"69","77","65","   40","   50","17.0","19.9"
"USW00094846","CHICAGO OHARE INTERNATIONAL AIRPORT, IL US","2018-06-21","12.75",,"66","67","62","   70","   70","19.9","23.9"
"USW00094846","CHICAGO OHARE INTERNATIONAL AIRPORT, IL US","2018-06-22","13.87",,"62","64","59","   40","   30","21.9","28.0"
"USW00094846","CHICAGO OHARE INTERNATIONAL AIRPORT, IL US","2018-06-23","5.37",,"68","81","62","  100","  330","13.0","15.0"
"USW00094846","CHICAGO OHARE INTERNATIONAL AIRPORT, IL US","2018-06-24","8.72",,"73","80","64","   20","   30","21.0","23.9"
"USW00094846","CHICAGO OHARE INTERNATIONAL AIRPORT, IL US","2018-06-25","11.41",,"69","78","61","  100","  100","21.0","23.0"
"USW00094846","CHICAGO OHARE INTERNATIONAL AIRPORT, IL US","2018-06-26","8.95",,"73","84","66","  180","  160","17.0","21.9"
"USW00094846","CHICAGO OHARE INTERNATIONAL AIRPORT, IL US","2018-06-27","6.71",,"73","80","69","  280","  270","18.1","23.9"
"USW00094846","CHICAGO OHARE INTERNATIONAL AIRPORT, IL US","2018-06-28","4.70",,"76","88","68","   90","   80","14.1","19.0"
"USW00094846","CHICAGO OHARE INTERNATIONAL AIRPORT, IL US","2018-06-29","10.07",,"82","96","73","  200","  200","17.0","23.0"
"USW00094846","CHICAGO OHARE INTERNATIONAL AIRPORT, IL US","2018-06-30","11.18",,"87","94","80","  190","  190","21.0","29.1"
"USW00094846","CHICAGO OHARE INTERNATIONAL AIRPORT, IL US","2018-07-01","12.30",,"85","94","76","  260","  250","38.0","49.0"
"USW00094846","CHICAGO OHARE INTERNATIONAL AIRPORT, IL US","2018-07-02","5.82",,"77","85","69","  100","   90","12.1","23.0"
"USW00094846","CHICAGO OHARE INTERNATIONAL AIRPORT, IL US","2018-07-03","6.26",,"78","89","63","   80","   90","15.0","18.1"
"USW00094846","CHICAGO OHARE INTERNATIONAL AIRPORT, IL US","2018-07-04","7.61",,"83","93","76","  190","  180","17.0","23.9"
"USW00094846","CHICAGO OHARE INTERNATIONAL AIRPORT, IL US","2018-07-05","6.49",,"81","92","74","  290","  300","18.1","21.9"
"USW00094846","CHICAGO OHARE INTERNATIONAL AIRPORT, IL US","2018-07-06","13.87",,"74","75","64","   40","   40","21.9","27.1"
"USW00094846","CHICAGO OHARE INTERNATIONAL AIRPORT, IL US","2018-07-07","6.93",,"71","82","59","  110","   90","15.0","21.0"
"USW00094846","CHICAGO OHARE INTERNATIONAL AIRPORT, IL US","2018-07-08","4.25",,"75","88","63","  170","  170","12.1","17.0"
"USW00094846","CHICAGO OHARE INTERNATIONAL AIRPORT, IL US","2018-07-09","7.83",,"79","91","67","  240","  220","15.0","19.9"
"USW00094846","CHICAGO OHARE INTERNATIONAL AIRPORT, IL US","2018-07-10","10.74",,"82","87","71","   30","   40","21.0","27.1"
"USW00094846","CHICAGO OHARE INTERNATIONAL AIRPORT, IL US","2018-07-11","6.49",,"77","87","67","   40","   30","15.0","19.9"
"USW00094846","CHICAGO OHARE INTERNATIONAL AIRPORT, IL US","2018-07-12","7.38",,"79","87","70","  200","  170","16.1","19.9"
"USW00094846","CHICAGO OHARE INTERNATIONAL AIRPORT, IL US","2018-07-13","8.72",,"82","95","72","  240","  160","16.1","21.0"
"USW00094846","CHICAGO OHARE INTERNATIONAL AIRPORT, IL US","2018-07-14","4.70",,"78","82","72","  260","  260","17.0","21.0"
"USW00094846","CHICAGO OHARE INTERNATIONAL AIRPORT, IL US","2018-07-15","3.80",,"80","91","72","  300","  220","14.1","17.0"
"USW00094846","CHICAGO OHARE INTERNATIONAL AIRPORT, IL US","2018-07-16","6.04",,"82","93","72","   60","  340","18.1","25.1"
"USW00094846","CHICAGO OHARE INTERNATIONAL AIRPORT, IL US","2018-07-17","9.84",,"77","81","68","   20","   20","18.1","23.0"
"USW00094846","CHICAGO OHARE INTERNATIONAL AIRPORT, IL US","2018-07-18","7.38",,"72","80","63","   70","   50","14.1","19.0"
"USW00094846","CHICAGO OHARE INTERNATIONAL AIRPORT, IL US","2018-07-19","10.29",,"76","87","67","  160","  170","19.9","25.9"
"USW00094846","CHICAGO OHARE INTERNATIONAL AIRPORT, IL US","2018-07-20","11.63",,"76","78","70","  230","  230","21.0","28.0"
"USW00094846","CHICAGO OHARE INTERNATIONAL AIRPORT, IL US","2018-07-21","12.97",,"71","79","69","  350","  350","19.9","25.9"
"USW00094846","CHICAGO OHARE INTERNATIONAL AIRPORT, IL US","2018-07-22","14.76",,"71","76","67","   20","   30","23.9","29.1"
"USW00094846","CHICAGO OHARE INTERNATIONAL AIRPORT, IL US","2018-07-23","9.17",,"72","82","65","   10","   10","17.0","25.1"
"USW00094846","CHICAGO OHARE INTERNATIONAL AIRPORT, IL US","2018-07-24","4.92",,"75","88","66","  320","  320","14.1","18.1"
"USW00094846","CHICAGO OHARE INTERNATIONAL AIRPORT, IL US","2018-07-25","7.83",,"79","90","67","  300","  300","14.1","18.1"
"USW00094846","CHICAGO OHARE INTERNATIONAL AIRPORT, IL US","2018-07-26","10.29",,"77","81","66","  290","  240","18.1","25.9"
"USW00094846","CHICAGO OHARE INTERNATIONAL AIRPORT, IL US","2018-07-27","8.05",,"70","79","62","  310","  300","16.1","21.9"
"USW00094846","CHICAGO OHARE INTERNATIONAL AIRPORT, IL US","2018-07-28","5.59",,"71","82","61","  130","  350","12.1","19.9"
"USW00094846","CHICAGO OHARE INTERNATIONAL AIRPORT, IL US","2018-07-29","2.91",,"72","83","62","  110","  100","15.0","21.0"
"USW00094846","CHICAGO OHARE INTERNATIONAL AIRPORT, IL US","2018-07-30","6.04",,"72","82","62","  100","   70","15.0","19.0"
"USW00094846","CHICAGO OHARE INTERNATIONAL AIRPORT, IL US","2018-07-31","7.61",,"73","80","66","   30","   70","15.0","19.9"
"USW00094846","CHICAGO OHARE INTERNATIONAL AIRPORT, IL US","2018-08-01","7.61",,"73","85","63","  220","  220","21.0","30.0"
"USW00094846","CHICAGO OHARE INTERNATIONAL AIRPORT, IL US","2018-08-02","8.95",,"77","85","70","  210","  260","17.0","21.9"
"USW00094846","CHICAGO OHARE INTERNATIONAL AIRPORT, IL US","2018-08-03","4.03",,"77","89","67","  100","   90","17.0","21.0"
"USW00094846","CHICAGO OHARE INTERNATIONAL AIRPORT, IL US","2018-08-04","9.62",,"82","97","71","  230","  240","21.0","25.9"
"USW00094846","CHICAGO OHARE INTERNATIONAL AIRPORT, IL US","2018-08-05","12.53",,"85","94","75","  240","  230","25.1","33.1"
"USW00094846","CHICAGO OHARE INTERNATIONAL AIRPORT, IL US","2018-08-06","6.71",,"78","81","69","  300","  300","19.9","35.1"
"USW00094846","CHICAGO OHARE INTERNATIONAL AIRPORT, IL US","2018-08-07","4.92",,"75","83","69","   30","   20","18.1","21.9"
"USW00094846","CHICAGO OHARE INTERNATIONAL AIRPORT, IL US","2018-08-08","5.82",,"74","85","69","   10","   10","13.0","16.1"
"USW00094846","CHICAGO OHARE INTERNATIONAL AIRPORT, IL US","2018-08-09","9.62",,"78","89","69","  260","  250","25.1","32.0"
"USW00094846","CHICAGO OHARE INTERNATIONAL AIRPORT, IL US","2018-08-10","9.17",,"76","83","70","   20","   20","19.9","23.9"
"USW00094846","CHICAGO OHARE INTERNATIONAL AIRPORT, IL US","2018-08-11","4.70",,"77","88","68","   20","   30","21.0","23.0"
"USW00094846","CHICAGO OHARE INTERNATIONAL AIRPORT, IL US","2018-08-12","6.04",,"79","87","70","   30","   20","15.0","19.0"
"USW00094846","CHICAGO OHARE INTERNATIONAL AIRPORT, IL US","2018-08-13","2.91",,"77","89","66","  110","   30","13.0","16.1"
"USW00094846","CHICAGO OHARE INTERNATIONAL AIRPORT, IL US","2018-08-14","5.14",,"79","87","71","  240","  240","12.1","16.1"
"USW00094846","CHICAGO OHARE INTERNATIONAL AIRPORT, IL US","2018-08-15","5.82",,"80","85","73","  160","  170","17.0","21.0"
"USW00094846","CHICAGO OHARE INTERNATIONAL AIRPORT, IL US","2018-08-16","4.47",,"77","86","69","  300","  300","16.1","19.9"
"USW00094846","CHICAGO OHARE INTERNATIONAL AIRPORT, IL US","2018-08-17","5.59",,"75","85","68","   30","   60","14.1","17.0"
"USW00094846","CHICAGO OHARE INTERNATIONAL AIRPORT, IL US","2018-08-18","8.50",,"75","80","70","   30","   20","16.1","19.9"
"USW00094846","CHICAGO OHARE INTERNATIONAL AIRPORT, IL US","2018-08-19","6.49",,"76","86","68","   80","   90","17.0","21.9"
"USW00094846","CHICAGO OHARE INTERNATIONAL AIRPORT, IL US","2018-08-20","10.07",,"75","79","69","  110","  110","16.1","25.9"
"USW00094846","CHICAGO OHARE INTERNATIONAL AIRPORT, IL US","2018-08-21","10.51",,"72","78","66","   10","   10","29.1","36.9"
"USW00094846","CHICAGO OHARE INTERNATIONAL AIRPORT, IL US","2018-08-22","8.72",,"69","79","58","  340","  350","18.1","23.9"
"USW00094846","CHICAGO OHARE INTERNATIONAL AIRPORT, IL US","2018-08-23","6.49",,"70","80","60","  220","  210","16.1","21.0"
"USW00094846","CHICAGO OHARE INTERNATIONAL AIRPORT, IL US","2018-08-24","11.86",,"68","72","63","  180","  160","21.9","29.1"
"USW00094846","CHICAGO OHARE INTERNATIONAL AIRPORT, IL US","2018-08-25","6.71",,"71","86","66","  180","  180","15.0","19.9"
"USW00094846","CHICAGO OHARE INTERNATIONAL AIRPORT, IL US","2018-08-26","8.95",,"81","93","72","  220","  220","21.9","31.1"
"USW00094846","CHICAGO OHARE INTERNATIONAL AIRPORT, IL US","2018-08-27","16.11",,"85","93","78","  200","  200","29.1","36.0"
"USW00094846","CHICAGO OHARE INTERNATIONAL AIRPORT, IL US","2018-08-28","11.86",,"82","91","67","  330","  320","33.1","44.1"
"USW00094846","CHICAGO OHARE INTERNATIONAL AIRPORT, IL US","2018-08-29","9.40",,"72","76","65","  160","  160","23.9","33.1"
"USW00094846","CHICAGO OHARE INTERNATIONAL AIRPORT, IL US","2018-08-30","6.71",,"68","73","61","   60","   60","14.1","17.0"
"USW00094846","CHICAGO OHARE INTERNATIONAL AIRPORT, IL US","2018-08-31","7.83",,"70","85","60","  140","  140","25.1","31.1"
"USW00094846","CHICAGO OHARE INTERNATIONAL AIRPORT, IL US","2018-09-01","7.83",,"76","86","72","  210","  200","21.9","29.1"
"USW00094846","CHICAGO OHARE INTERNATIONAL AIRPORT, IL US","2018-09-02","9.40",,"80","91","70","  220","  200","21.0","27.1"
"USW00094846","CHICAGO OHARE INTERNATIONAL AIRPORT, IL US","2018-09-03","6.71",,"77","88","70","   70","  100","21.0","28.0"
"USW00094846","CHICAGO OHARE INTERNATIONAL AIRPORT, IL US","2018-09-04","7.61",,"79","92","71","  190","  190","15.0","19.9"
"USW00094846","CHICAGO OHARE INTERNATIONAL AIRPORT, IL US","2018-09-05","12.08",,"83","91","69","  220","  210","23.9","31.1"
"USW00094846","CHICAGO OHARE INTERNATIONAL AIRPORT, IL US","2018-09-06","13.42",,"69","69","64","   20","   10","21.9","25.9"
"USW00094846","CHICAGO OHARE INTERNATIONAL AIRPORT, IL US","2018-09-07","13.42",,"67","69","63","   40","   40","23.0","28.0"
"USW00094846","CHICAGO OHARE INTERNATIONAL AIRPORT, IL US","2018-09-08","17.00",,"67","69","63","   50","   50","23.0","30.0"
"USW00094846","CHICAGO OHARE INTERNATIONAL AIRPORT, IL US","2018-09-09","15.21",,"64","68","60","   30","   30","25.1","32.0"
"USW00094846","CHICAGO OHARE INTERNATIONAL AIRPORT, IL US","2018-09-10","6.71",,"65","74","56","   10","  360","15.0","29.1"
"USW00094846","CHICAGO OHARE INTERNATIONAL AIRPORT, IL US","2018-09-11","4.47",,"67","79","57","  180","  220","12.1","17.0"
"USW00094846","CHICAGO OHARE INTERNATIONAL AIRPORT, IL US","2018-09-12","5.82",,"71","82","61","   80","   90","15.0","19.9"
"USW00094846","CHICAGO OHARE INTERNATIONAL AIRPORT, IL US","2018-09-13","4.47",,"69","78","60","   80","   80","13.0","16.1"
"USW00094846","CHICAGO OHARE INTERNATIONAL AIRPORT, IL US","2018-09-14","3.80",,"73","87","64","   60","   60","14.1","16.1"
"USW00094846","CHICAGO OHARE INTERNATIONAL AIRPORT, IL US","2018-09-15","6.93",,"74","82","64","   30","   20","14.1","17.0"
"USW00094846","CHICAGO OHARE INTERNATIONAL AIRPORT, IL US","2018-09-16","6.49",,"76","89","66","  110","  170","15.0","21.9"
"USW00094846","CHICAGO OHARE INTERNATIONAL AIRPORT, IL US","2018-09-17","3.36",,"79","91","69","  100","   20","12.1","14.1"
"USW00094846","CHICAGO OHARE INTERNATIONAL AIRPORT, IL US","2018-09-18","8.28",,"73","75","66","  360","  360","21.9","25.1"
"USW00094846","CHICAGO OHARE INTERNATIONAL AIRPORT, IL US","2018-09-19","9.17",,"69","76","66","   10","  340","16.1","19.9"
"USW00094846","CHICAGO OHARE INTERNATIONAL AIRPORT, IL US","2018-09-20","7.83",,"75","93","66","  210","  210","23.0","32.0"
"USW00094846","CHICAGO OHARE INTERNATIONAL AIRPORT, IL US","2018-09-21","16.11",,"79","83","56","  210","  210","25.9","38.0"
"USW00094846","CHICAGO OHARE INTERNATIONAL AIRPORT, IL US","2018-09-22","9.40",,"59","64","51","   60","   80","21.9","27.1"
"USW00094846","CHICAGO OHARE INTERNATIONAL AIRPORT, IL US","2018-09-23","5.14",,"60","71","50","   80","   40","13.0","16.1"
"USW00094846","CHICAGO OHARE INTERNATIONAL AIRPORT, IL US","2018-09-24","6.49",,"65","74","57","  120","   80","13.0","16.1"
"USW00094846","CHICAGO OHARE INTERNATIONAL AIRPORT, IL US","2018-09-25","8.72",,"73","84","61","  290","  310","31.1","47.0"
"USW00094846","CHICAGO OHARE INTERNATIONAL AIRPORT, IL US","2018-09-26","8.72",,"61","67","50","  320","  320","19.9","25.1"
"USW00094846","CHICAGO OHARE INTERNATIONAL AIRPORT, IL US","2018-09-27","7.61",,"59","70","48","  200","  200","16.1","23.0"
"USW00094846","CHICAGO OHARE INTERNATIONAL AIRPORT, IL US","2018-09-28","6.04",,"58","60","46","  280","  280","16.1","25.1"
"USW00094846","CHICAGO OHARE INTERNATIONAL AIRPORT, IL US","2018-09-29","6.04",,"50","61","42","  100","  110","16.1","19.0"
"USW00094846","CHICAGO OHARE INTERNATIONAL AIRPORT, IL US","2018-09-30","7.61",,"57","62","53","   30","   30","15.0","21.0"
"USW00094846","CHICAGO OHARE INTERNATIONAL AIRPORT, IL US","2018-10-01","7.16",,"61","72","57","  320","  320","18.1","27.1"
"USW00094846","CHICAGO OHARE INTERNATIONAL AIRPORT, IL US","2018-10-02","5.14",,"62","67","58","  300","  290","15.0","21.0"
"USW00094846","CHICAGO OHARE INTERNATIONAL AIRPORT, IL US","2018-10-03","13.87",,"70","88","59","  210","  290","28.0","42.9"
"USW00094846","CHICAGO OHARE INTERNATIONAL AIRPORT, IL US","2018-10-04","16.11",,"66","77","52","   30","   40","23.9","31.1"
"USW00094846","CHICAGO OHARE INTERNATIONAL AIRPORT, IL US","2018-10-05","7.16",,"57","65","54","  130","  120","16.1","21.9"
"USW00094846","CHICAGO OHARE INTERNATIONAL AIRPORT, IL US","2018-10-06","8.05",,"64","70","57","   30","  320","17.0","23.9"
"USW00094846","CHICAGO OHARE INTERNATIONAL AIRPORT, IL US","2018-10-07","10.51",,"58","63","57","   30","   40","17.0","21.9"
"USW00094846","CHICAGO OHARE INTERNATIONAL AIRPORT, IL US","2018-10-08","8.72",,"69","85","63","  210","  200","21.0","33.1"
"USW00094846","CHICAGO OHARE INTERNATIONAL AIRPORT, IL US","2018-10-09","10.29",,"76","85","70","  160","  200","21.0","29.1"
"USW00094846","CHICAGO OHARE INTERNATIONAL AIRPORT, IL US","2018-10-10","13.42",,"73","75","51","  260","  260","28.0","42.9"
"USW00094846","CHICAGO OHARE INTERNATIONAL AIRPORT, IL US","2018-10-11","13.87",,"50","51","40","  270","  270","23.9","36.0"
"USW00094846","CHICAGO OHARE INTERNATIONAL AIRPORT, IL US","2018-10-12","6.93",,"40","42","36","  240","  240","14.1","21.0"
"USW00094846","CHICAGO OHARE INTERNATIONAL AIRPORT, IL US","2018-10-13","7.61",,"41","53","32","  200","  230","15.0","23.0"
"USW00094846","CHICAGO OHARE INTERNATIONAL AIRPORT, IL US","2018-10-14","5.82",,"46","54","38","  300","  290","16.1","23.0"
"USW00094846","CHICAGO OHARE INTERNATIONAL AIRPORT, IL US","2018-10-15","11.41",,"44","48","37","  290","  310","19.9","28.0"
"USW00094846","CHICAGO OHARE INTERNATIONAL AIRPORT, IL US","2018-10-16","12.30",,"43","59","34","  220","  240","25.1","38.0"
"USW00094846","CHICAGO OHARE INTERNATIONAL AIRPORT, IL US","2018-10-17","10.07",,"48","51","38","  320","  300","21.0","30.0"
"USW00094846","CHICAGO OHARE INTERNATIONAL AIRPORT, IL US","2018-10-18","5.82",,"45","58","34","  220","  220","15.0","19.9"
"USW00094846","CHICAGO OHARE INTERNATIONAL AIRPORT, IL US","2018-10-19","12.30",,"49","54","46","  210","  220","21.0","33.1"
"USW00094846","CHICAGO OHARE INTERNATIONAL AIRPORT, IL US","2018-10-20","14.09",,"48","51","31","  320","  310","35.1","59.9"
"USW00094846","CHICAGO OHARE INTERNATIONAL AIRPORT, IL US","2018-10-21","9.17",,"37","51","28","  200","  230","17.0","25.9"
"USW00094846","CHICAGO OHARE INTERNATIONAL AIRPORT, IL US","2018-10-22","7.38",,"48","64","38","  260","  280","15.0","21.0"
"USW00094846","CHICAGO OHARE INTERNATIONAL AIRPORT, IL US","2018-10-23","7.16",,"49","54","38","  350","  360","16.1","19.9"
"USW00094846","CHICAGO OHARE INTERNATIONAL AIRPORT, IL US","2018-10-24","3.58",,"44","52","37","  120","  150","8.9","13.0"
"USW00094846","CHICAGO OHARE INTERNATIONAL AIRPORT, IL US","2018-10-25","4.92",,"44","53","37","   90","   80","10.1","13.0"
"USW00094846","CHICAGO OHARE INTERNATIONAL AIRPORT, IL US","2018-10-26","8.95",,"48","53","46","   30","   30","16.1","19.9"
"USW00094846","CHICAGO OHARE INTERNATIONAL AIRPORT, IL US","2018-10-27","5.14",,"49","54","43","   10","   30","10.1","14.1"
"USW00094846","CHICAGO OHARE INTERNATIONAL AIRPORT, IL US","2018-10-28","11.86",,"47","51","44","  310","  310","25.1","36.9"
"USW00094846","CHICAGO OHARE INTERNATIONAL AIRPORT, IL US","2018-10-29","6.04",,"47","56","40","  290","  310","12.1","17.0"
"USW00094846","CHICAGO OHARE INTERNATIONAL AIRPORT, IL US","2018-10-30","7.83",,"51","64","45","  300","  300","25.1","38.9"
"USW00094846","CHICAGO OHARE INTERNATIONAL AIRPORT, IL US","2018-10-31","7.16",,"53","61","47","  340","  340","15.0","19.0"
"USW00094846","CHICAGO OHARE INTERNATIONAL AIRPORT, IL US","2018-11-01","12.97",,"51","52","43","   10","   20","23.0","29.1"
"USW00094846","CHICAGO OHARE INTERNATIONAL AIRPORT, IL US","2018-11-02","6.93",,"44","50","37","   20","   20","14.1","18.1"
"USW00094846","CHICAGO OHARE INTERNATIONAL AIRPORT, IL US","2018-11-03","7.61",,"42","50","34","  110","  100","15.0","19.9"
"USW00094846","CHICAGO OHARE INTERNATIONAL AIRPORT, IL US","2018-11-04","14.99",,"48","52","46","  160","  140","21.9","32.0"
"USW00094846","CHICAGO OHARE INTERNATIONAL AIRPORT, IL US","2018-11-05","9.62",,"48","51","44","  250","  240","17.0","29.1"
"USW00094846","CHICAGO OHARE INTERNATIONAL AIRPORT, IL US","2018-11-06","16.33",,"48","50","38","  240","  240","32.0","46.1"
"USW00094846","CHICAGO OHARE INTERNATIONAL AIRPORT, IL US","2018-11-07","14.99",,"38","39","33","  260","  260","23.9","34.0"
"USW00094846","CHICAGO OHARE INTERNATIONAL AIRPORT, IL US","2018-11-08","4.03",,"35","41","33","  310","  330","12.1","17.0"
"USW00094846","CHICAGO OHARE INTERNATIONAL AIRPORT, IL US","2018-11-09","12.08",,"34","37","20","  290","  300","25.1","36.9"
"USW00094846","CHICAGO OHARE INTERNATIONAL AIRPORT, IL US","2018-11-10","10.96",,"25","33","20","  280","  290","23.0","34.0"
"USW00094846","CHICAGO OHARE INTERNATIONAL AIRPORT, IL US","2018-11-11","8.05",,"33","41","28","  210","  210","16.1","23.0"
"USW00094846","CHICAGO OHARE INTERNATIONAL AIRPORT, IL US","2018-11-12","9.62",,"33","34","24","  360","  350","17.0","23.9"
"USW00094846","CHICAGO OHARE INTERNATIONAL AIRPORT, IL US","2018-11-13","9.17",,"25","29","19","  320","  310","16.1","23.9"
"USW00094846","CHICAGO OHARE INTERNATIONAL AIRPORT, IL US","2018-11-14","4.92",,"25","36","17","   40","   30","13.0","16.1"
"USW00094846","CHICAGO OHARE INTERNATIONAL AIRPORT, IL US","2018-11-15","5.14",,"31","35","26","  200","  210","14.1","25.1"
"USW00094846","CHICAGO OHARE INTERNATIONAL AIRPORT, IL US","2018-11-16","9.62",,"34","41","29","  300","  310","21.9","28.0"
"USW00094846","CHICAGO OHARE INTERNATIONAL AIRPORT, IL US","2018-11-17","7.38",,"34","35","32","   30","   50","15.0","19.0"
"USW00094846","CHICAGO OHARE INTERNATIONAL AIRPORT, IL US","2018-11-18","6.04",,"33","38","25","  260","  260","12.1","16.1"
"USW00094846","CHICAGO OHARE INTERNATIONAL AIRPORT, IL US","2018-11-19","8.05",,"28","34","23","  350","  360","16.1","21.9"
"USW00094846","CHICAGO OHARE INTERNATIONAL AIRPORT, IL US","2018-11-20","11.63",,"31","35","29","  250","  210","21.0","31.1"
"USW00094846","CHICAGO OHARE INTERNATIONAL AIRPORT, IL US","2018-11-21","10.51",,"32","36","30","   30","  250","19.9","25.9"
"USW00094846","CHICAGO OHARE INTERNATIONAL AIRPORT, IL US","2018-11-22","9.62",,"34","40","31","  150","  160","17.0","25.1"
"USW00094846","CHICAGO OHARE INTERNATIONAL AIRPORT, IL US","2018-11-23","11.63",,"40","51","34","  180","  180","23.9","34.0"
"USW00094846","CHICAGO OHARE INTERNATIONAL AIRPORT, IL US","2018-11-24","10.74",,"45","47","40","  240","  230","23.9","32.0"
"USW00094846","CHICAGO OHARE INTERNATIONAL AIRPORT, IL US","2018-11-25","15.21",,"38","40","33","   20","   30","33.1","47.0"
"USW00094846","CHICAGO OHARE INTERNATIONAL AIRPORT, IL US","2018-11-26","17.45",,"30","33","24","   20","   20","38.9","51.0"
"USW00094846","CHICAGO OHARE INTERNATIONAL AIRPORT, IL US","2018-11-27","8.50",,"24","25","19","  260","  260","15.0","19.9"
"USW00094846","CHICAGO OHARE INTERNATIONAL AIRPORT, IL US","2018-11-28","4.70",,"22","27","17","  230","  230","13.0","17.0"
"USW00094846","CHICAGO OHARE INTERNATIONAL AIRPORT, IL US","2018-11-29","5.82",,"30","38","27","  130","  140","12.1","17.0"
"USW00094846","CHICAGO OHARE INTERNATIONAL AIRPORT, IL US","2018-11-30","4.92",,"34","42","28","   90","   80","15.0","21.0"
"USW00094846","CHICAGO OHARE INTERNATIONAL AIRPORT, IL US","2018-12-01","12.53",,"38","42","36","   60","   80","25.1","34.0"
"USW00094846","CHICAGO OHARE INTERNATIONAL AIRPORT, IL US","2018-12-02","8.95",,"41","44","35","  340","  240","18.1","25.9"
"USW00094846","CHICAGO OHARE INTERNATIONAL AIRPORT, IL US","2018-12-03","12.97",,"34","35","29","  360","  360","23.9","31.1"
"USW00094846","CHICAGO OHARE INTERNATIONAL AIRPORT, IL US","2018-12-04","7.83",,"31","32","28","  320","  320","14.1","18.1"
"USW00094846","CHICAGO OHARE INTERNATIONAL AIRPORT, IL US","2018-12-05","10.51",,"28","33","25","  250","  310","16.1","21.9"
"USW00094846","CHICAGO OHARE INTERNATIONAL AIRPORT, IL US","2018-12-06","9.84",,"31","33","19","  320","  330","17.0","23.9"
"USW00094846","CHICAGO OHARE INTERNATIONAL AIRPORT, IL US","2018-12-07","6.26",,"21","25","16","  230","  240","18.1","25.9"
"USW00094846","CHICAGO OHARE INTERNATIONAL AIRPORT, IL US","2018-12-08","3.80",,"24","32","20","   20","  330","10.1","14.1"
"USW00094846","CHICAGO OHARE INTERNATIONAL AIRPORT, IL US","2018-12-09","4.25",,"24","35","17","  350","  360","12.1","15.0"
"USW00094846","CHICAGO OHARE INTERNATIONAL AIRPORT, IL US","2018-12-10","6.93",,"23","34","16","  220","  240","15.0","23.9"
"USW00094846","CHICAGO OHARE INTERNATIONAL AIRPORT, IL US","2018-12-11","7.61",,"30","38","25","  230","  240","16.1","21.0"
"USW00094846","CHICAGO OHARE INTERNATIONAL AIRPORT, IL US","2018-12-12","10.74",,"34","41","29","  230","  230","21.9","31.1"
"USW00094846","CHICAGO OHARE INTERNATIONAL AIRPORT, IL US","2018-12-13","4.25",,"33","46","24","  160","  160","14.1","18.1"
"USW00094846","CHICAGO OHARE INTERNATIONAL AIRPORT, IL US","2018-12-14","6.71",,"39","40","32","   10","   10","13.0","18.1"
"USW00094846","CHICAGO OHARE INTERNATIONAL AIRPORT, IL US","2018-12-15","7.61",,"35","46","26","   30","   70","14.1","19.0"
"USW00094846","CHICAGO OHARE INTERNATIONAL AIRPORT, IL US","2018-12-16","6.49",,"35","49","25","  260","  280","14.1","19.0"
"USW00094846","CHICAGO OHARE INTERNATIONAL AIRPORT, IL US","2018-12-17","7.61",,"37","42","28","  350","  340","17.0","23.0"
"USW00094846","CHICAGO OHARE INTERNATIONAL AIRPORT, IL US","2018-12-18","6.71",,"33","42","25","  230","  180","14.1","19.9"
"USW00094846","CHICAGO OHARE INTERNATIONAL AIRPORT, IL US","2018-12-19","10.96",,"39","49","33","  180","  180","18.1","25.9"
"USW00094846","CHICAGO OHARE INTERNATIONAL AIRPORT, IL US","2018-12-20","7.83",,"44","46","38","  360","  330","15.0","23.0"
"USW00094846","CHICAGO OHARE INTERNATIONAL AIRPORT, IL US","2018-12-21","13.65",,"35","38","29","  360","   10","21.9","29.1"
"USW00094846","CHICAGO OHARE INTERNATIONAL AIRPORT, IL US","2018-12-22","6.26",,"30","34","28","  200","  210","13.0","16.1"
"USW00094846","CHICAGO OHARE INTERNATIONAL AIRPORT, IL US","2018-12-23","11.18",,"33","38","28","  260","  270","23.9","36.0"
"USW00094846","CHICAGO OHARE INTERNATIONAL AIRPORT, IL US","2018-12-24","5.82",,"29","33","23","  270","  260","17.0","25.1"
"USW00094846","CHICAGO OHARE INTERNATIONAL AIRPORT, IL US","2018-12-25","3.58",,"34","45","28","  240","  210","12.1","16.1"
"USW00094846","CHICAGO OHARE INTERNATIONAL AIRPORT, IL US","2018-12-26","5.14",,"34","47","26","  130","  120","18.1","23.0"
"USW00094846","CHICAGO OHARE INTERNATIONAL AIRPORT, IL US","2018-12-27","15.66",,"42","53","39","  170","  140","21.9","33.1"
"USW00094846","CHICAGO OHARE INTERNATIONAL AIRPORT, IL US","2018-12-28","15.21",,"42","53","30","  230","  230","23.9","40.0"
"USW00094846","CHICAGO OHARE INTERNATIONAL AIRPORT, IL US","2018-12-29","7.61",,"29","30","22","  240","  240","21.0","29.1"
"USW00094846","CHICAGO OHARE INTERNATIONAL AIRPORT, IL US","2018-12-30","11.18",,"26","36","19","  210","  220","19.9","27.1"
"USW00094846","CHICAGO OHARE INTERNATIONAL AIRPORT, IL US","2018-12-31","8.72",,"34","39","31","  360","  350","25.1","32.0"
"USW00094846","CHICAGO OHARE INTERNATIONAL AIRPORT, IL US","2019-01-01","7.61",,"31","34","26","   20","  360","16.1","21.0"
"USW00094846","CHICAGO OHARE INTERNATIONAL AIRPORT, IL US","2019-01-02","8.72",,"28","30","26","  260","  240","19.9","29.1"
"USW00094846","CHICAGO OHARE INTERNATIONAL AIRPORT, IL US","2019-01-03","11.63",,"29","38","24","  220","  210","17.0","27.1"
"USW00094846","CHICAGO OHARE INTERNATIONAL AIRPORT, IL US","2019-01-04","8.05",,"37","48","31","  210","  230","14.1","19.9"
"USW00094846","CHICAGO OHARE INTERNATIONAL AIRPORT, IL US","2019-01-05","8.28",,"39","52","32","  250","  250","18.1","23.9"
"USW00094846","CHICAGO OHARE INTERNATIONAL AIRPORT, IL US","2019-01-06","11.63",,"38","40","30","  110","  120","21.9","29.1"
"USW00094846","CHICAGO OHARE INTERNATIONAL AIRPORT, IL US","2019-01-07","15.66",,"44","53","40","  200","  210","25.1","36.9"
"USW00094846","CHICAGO OHARE INTERNATIONAL AIRPORT, IL US","2019-01-08","14.54",,"41","45","24","  270","  260","32.0","49.0"
"USW00094846","CHICAGO OHARE INTERNATIONAL AIRPORT, IL US","2019-01-09","13.65",,"23","24","15","  310","  300","23.0","33.1"
"USW00094846","CHICAGO OHARE INTERNATIONAL AIRPORT, IL US","2019-01-10","4.47",,"18","24","14","  330","  320","14.1","19.0"
"USW00094846","CHICAGO OHARE INTERNATIONAL AIRPORT, IL US","2019-01-11","4.92",,"23","30","17","  180","  170","13.0","19.0"
"USW00094846","CHICAGO OHARE INTERNATIONAL AIRPORT, IL US","2019-01-12","11.41",,"30","32","29","   70","   70","21.0","30.0"
"USW00094846","CHICAGO OHARE INTERNATIONAL AIRPORT, IL US","2019-01-13","12.53",,"30","31","25","   20","   50","19.9","25.9"
"USW00094846","CHICAGO OHARE INTERNATIONAL AIRPORT, IL US","2019-01-14","8.28",,"25","27","23","  250","  230","14.1","19.9"
"USW00094846","CHICAGO OHARE INTERNATIONAL AIRPORT, IL US","2019-01-15","11.18",,"26","32","24","  220","  220","21.0","31.1"
"USW00094846","CHICAGO OHARE INTERNATIONAL AIRPORT, IL US","2019-01-16","9.40",,"31","34","28","   30","   40","16.1","21.0"
"USW00094846","CHICAGO OHARE INTERNATIONAL AIRPORT, IL US","2019-01-17","5.59",,"30","35","28","  300","  300","12.1","14.1"
"USW00094846","CHICAGO OHARE INTERNATIONAL AIRPORT, IL US","2019-01-18","10.51",,"30","31","27","   60","   50","19.9","25.9"
"USW00094846","CHICAGO OHARE INTERNATIONAL AIRPORT, IL US","2019-01-19","20.13",,"26","28","11","   20","   20","31.1","38.9"
"USW00094846","CHICAGO OHARE INTERNATIONAL AIRPORT, IL US","2019-01-20","13.42",,"12","14","4","  350","  330","21.0","28.0"
"USW00094846","CHICAGO OHARE INTERNATIONAL AIRPORT, IL US","2019-01-21","8.50",,"9","17","3","  140","  120","17.0","23.0"
"USW00094846","CHICAGO OHARE INTERNATIONAL AIRPORT, IL US","2019-01-22","9.40",,"19","33","13","  170","  160","19.9","29.1"
"USW00094846","CHICAGO OHARE INTERNATIONAL AIRPORT, IL US","2019-01-23","9.84",,"29","34","19","  300","  280","17.0","23.9"
"USW00094846","CHICAGO OHARE INTERNATIONAL AIRPORT, IL US","2019-01-24","11.63",,"17","22","2","  270","  280","23.9","35.1"
"USW00094846","CHICAGO OHARE INTERNATIONAL AIRPORT, IL US","2019-01-25","9.40",,"1","5","-6","  280","  270","18.1","27.1"
"USW00094846","CHICAGO OHARE INTERNATIONAL AIRPORT, IL US","2019-01-26","5.82",,"2","12","-7","  280","  210","14.1","19.0"
"USW00094846","CHICAGO OHARE INTERNATIONAL AIRPORT, IL US","2019-01-27","6.93",,"4","11","-5","  130","  120","15.0","19.0"
"USW00094846","CHICAGO OHARE INTERNATIONAL AIRPORT, IL US","2019-01-28","12.75",,"18","34","8","  300","  290","25.9","35.1"
"USW00094846","CHICAGO OHARE INTERNATIONAL AIRPORT, IL US","2019-01-29","14.54",,"6","10","-10","  260","  250","29.1","44.1"
"USW00094846","CHICAGO OHARE INTERNATIONAL AIRPORT, IL US","2019-01-30","15.21",,"-15","-10","-23","  260","  250","23.9","36.9"
"USW00094846","CHICAGO OHARE INTERNATIONAL AIRPORT, IL US","2019-01-31","6.26",,"-15","1","-21","  260","  240","13.0","19.9"
"USW00094846","CHICAGO OHARE INTERNATIONAL AIRPORT, IL US","2019-02-01","5.14",,"7","21","1","  190","  180","12.1","15.0"
"USW00094846","CHICAGO OHARE INTERNATIONAL AIRPORT, IL US","2019-02-02","11.18",,"26","42","14","  210","  200","17.0","25.9"
"USW00094846","CHICAGO OHARE INTERNATIONAL AIRPORT, IL US","2019-02-03","10.07",,"42","48","39","  210","  200","18.1","27.1"
"USW00094846","CHICAGO OHARE INTERNATIONAL AIRPORT, IL US","2019-02-04","11.41",,"47","51","30","  280","  240","18.1","28.0"
"USW00094846","CHICAGO OHARE INTERNATIONAL AIRPORT, IL US","2019-02-05","9.40",,"29","33","24","   70","   70","18.1","25.9"
"USW00094846","CHICAGO OHARE INTERNATIONAL AIRPORT, IL US","2019-02-06","8.50",,"33","36","32","   30","   70","17.0","21.9"
"USW00094846","CHICAGO OHARE INTERNATIONAL AIRPORT, IL US","2019-02-07","12.97",,"36","44","10","  260","  240","33.1","51.0"
"USW00094846","CHICAGO OHARE INTERNATIONAL AIRPORT, IL US","2019-02-08","17.67",,"11","13","4","  250","  250","33.1","48.1"
"USW00094846","CHICAGO OHARE INTERNATIONAL AIRPORT, IL US","2019-02-09","5.82",,"12","24","4","  140","  140","13.0","17.0"
"USW00094846","CHICAGO OHARE INTERNATIONAL AIRPORT, IL US","2019-02-10","6.93",,"23","28","22","  110","  100","13.0","16.1"
"USW00094846","CHICAGO OHARE INTERNATIONAL AIRPORT, IL US","2019-02-11","12.30",,"28","31","27","   70","  100","21.9","32.0"
"USW00094846","CHICAGO OHARE INTERNATIONAL AIRPORT, IL US","2019-02-12","13.65",,"32","34","19","  250","  250","28.0","42.1"
"USW00094846","CHICAGO OHARE INTERNATIONAL AIRPORT, IL US","2019-02-13","12.75",,"18","27","10","  260","  260","28.0","42.1"
"USW00094846","CHICAGO OHARE INTERNATIONAL AIRPORT, IL US","2019-02-14","10.51",,"36","50","27","  280","  270","21.9","33.1"
"USW00094846","CHICAGO OHARE INTERNATIONAL AIRPORT, IL US","2019-02-15","12.53",,"23","32","8","  270","  270","23.9","35.1"
"USW00094846","CHICAGO OHARE INTERNATIONAL AIRPORT, IL US","2019-02-16","8.95",,"19","29","13","   90","  100","19.9","25.9"
"USW00094846","CHICAGO OHARE INTERNATIONAL AIRPORT, IL US","2019-02-17","11.18",,"25","27","24","  120","   90","18.1","23.9"
"USW00094846","CHICAGO OHARE INTERNATIONAL AIRPORT, IL US","2019-02-18","7.61",,"25","31","18","  350","  350","15.0","19.0"
"USW00094846","CHICAGO OHARE INTERNATIONAL AIRPORT, IL US","2019-02-19","4.70",,"22","35","12","   90","  100","13.0","16.1"
"USW00094846","CHICAGO OHARE INTERNATIONAL AIRPORT, IL US","2019-02-20","13.87",,"31","38","28","  240","  250","23.9","34.0"
"USW00094846","CHICAGO OHARE INTERNATIONAL AIRPORT, IL US","2019-02-21","10.74",,"31","35","24","  240","  250","23.9","33.1"
"USW00094846","CHICAGO OHARE INTERNATIONAL AIRPORT, IL US","2019-02-22","7.61",,"29","41","19","   70","   70","13.0","17.0"
"USW00094846","CHICAGO OHARE INTERNATIONAL AIRPORT, IL US","2019-02-23","10.29",,"36","53","34","  240","  230","21.0","32.0"
"USW00094846","CHICAGO OHARE INTERNATIONAL AIRPORT, IL US","2019-02-24","24.38",,"37","50","10","  260","  260","38.9","59.9"
"USW00094846","CHICAGO OHARE INTERNATIONAL AIRPORT, IL US","2019-02-25","10.51",,"12","19","6","  270","  280","29.1","42.1"
"USW00094846","CHICAGO OHARE INTERNATIONAL AIRPORT, IL US","2019-02-26","12.53",,"17","23","13","   40","   90","19.9","23.9"
"USW00094846","CHICAGO OHARE INTERNATIONAL AIRPORT, IL US","2019-02-27","10.07",,"25","30","14","  320","  300","18.1","25.9"
"USW00094846","CHICAGO OHARE INTERNATIONAL AIRPORT, IL US","2019-02-28","4.47",,"18","27","11","  360","  320","12.1","16.1"
"USW00094846","CHICAGO OHARE INTERNATIONAL AIRPORT, IL US","2019-03-01","5.82",,,"34","23","   50","   50","12.1","16.1"
"USW00094846","CHICAGO OHARE INTERNATIONAL AIRPORT, IL US","2019-03-02","8.50",,,"33","25","  350","  360","16.1","21.0"
"USW00094846","CHICAGO OHARE INTERNATIONAL AIRPORT, IL US","2019-03-03","12.08",,"22","25","3","  350","  300","19.9","25.1"
"USW00094846","CHICAGO OHARE INTERNATIONAL AIRPORT, IL US","2019-03-04","14.99",,"5","12","-3","  250","  230","21.9","33.1"
"USW00094846","CHICAGO OHARE INTERNATIONAL AIRPORT, IL US","2019-03-05","15.43",,"12","21","8","  290","  270","23.0","33.1"
"USW00094846","CHICAGO OHARE INTERNATIONAL AIRPORT, IL US","2019-03-06","11.86"," 1936","16","30","9","  260","  260","21.9","33.1"
"USW00094846","CHICAGO OHARE INTERNATIONAL AIRPORT, IL US","2019-03-07","6.04"," 0844","23","28","14","  320","   70","13.0","18.1"
"USW00094846","CHICAGO OHARE INTERNATIONAL AIRPORT, IL US","2019-03-08","5.37"," 1509","28","39","21","   80","   80","10.1","14.1"
"USW00094846","CHICAGO OHARE INTERNATIONAL AIRPORT, IL US","2019-03-09","14.09"," 2255","33","43","26","  250","  230","29.1","42.1"
"USW00094846","CHICAGO OHARE INTERNATIONAL AIRPORT, IL US","2019-03-10","19.69"," 0937","37","38","29","  250","  250","31.1","48.1"
"USW00094846","CHICAGO OHARE INTERNATIONAL AIRPORT, IL US","2019-03-11","9.62"," 1435","32","41","27","  280","  270","16.1","27.1"
"USW00094846","CHICAGO OHARE INTERNATIONAL AIRPORT, IL US","2019-03-12","9.17"," 2331","35","49","24","  180","  180","21.0","30.0"
"USW00094846","CHICAGO OHARE INTERNATIONAL AIRPORT, IL US","2019-03-13","11.86"," 2311","45","58","40","  150","  140","25.1","38.9"
"USW00094846","CHICAGO OHARE INTERNATIONAL AIRPORT, IL US","2019-03-14","20.36"," 1404","55","62","39","  240","  220","40.9","59.9"
"USW00094846","CHICAGO OHARE INTERNATIONAL AIRPORT, IL US","2019-03-15","14.99"," 0130","38","40","32","  240","  230","25.1","38.0"
"USW00094846","CHICAGO OHARE INTERNATIONAL AIRPORT, IL US","2019-03-16","8.50"," 1355","34","41","28","  300","  270","15.0","23.0"
"USW00094846","CHICAGO OHARE INTERNATIONAL AIRPORT, IL US","2019-03-17",,,"32",,,,,,
